1|2|Saltwater Fish|Just got a new clownfish for my tank! Can't wait to see it settle in.|2019-02-14 10:30:00||||
2|1|Freshwater Fish|Anyone have any tips for breeding guppies? Thinking of starting a breeding project.|2019-03-22 14:45:00||||
3|7|Cichlid Enthusiasts|Just added some new African cichlids to my tank. Loving the colors on these guys.|2019-04-08 09:15:00||||
4|10|Betta Fish|My betta has been really active lately. Anyone have any tips on keeping them healthy?|2019-04-23 13:20:00||||
5|3|Tropical Fish|Setting up a new tank for some tetras. Excited to add more color to my collection!|2019-05-06 16:45:00||||
6|5|Marine Biology|Did you know that clownfish can change their sex? Fascinating stuff.|2019-06-14 11:30:00||||
7|6|Aquascaping|Finally finished setting up my new aquascape. Check it out!|2019-07-02 15:10:00||||
8|15|Fishkeeping Tips|Top 10 tips for keeping your fish healthy and happy. Check it out on our website!|2019-07-15 09:45:00||||
9|11|Fishkeeping Tips|How to deal with algae in your tank. Check out our latest blog post!|2019-08-01 14:20:00||||
10|8|Saltwater Fish|Just upgraded my tank lighting. Can't wait to see the corals grow!|2019-08-12 10:05:00||||
11|17|Cichlid Enthusiasts|Anyone else have a thing for African cichlids? They're just so unique and colorful.|2019-09-05 12:30:00||||
12|19|Betta Fish|Feeding time for my betta! They're such little pigs.|2019-09-18 15:20:00||||
13|9|Tropical Fish|My platies just had babies! So excited to see them grow.|2019-10-02 08:15:00||||
14|12|Aquascaping|Just finished my first aquascape. It's not perfect, but I'm proud of it!|2019-11-01 16:30:00||||
15|4|Marine Biology|The Great Barrier Reef is truly a wonder of the world. Let's work together to protect it.|2019-12-02 11:15:00||||
16|13|Fishkeeping Tips|Did you know that overfeeding your fish can cause health problems? Be careful with those flakes!|2019-12-20 14:50:00||||
17|14|Saltwater Fish|Just spotted a new goby in my tank. Love discovering new species.|2020-01-10 09:25:00||||
18|16|Betta Fish|Added some new plants to my betta tank. They seem to be loving their new environment.|2020-02-01 13:40:00||||
19|18|Tropical Fish|My angelfish just laid eggs! So excited to see them hatch.|2022-03-23 11:43:40||||
20|7|Saltwater Fish|Just added a new anemone to my tank. Hoping my clownfish will host in it!|2021-05-02 11:25:00||||
21|6|Aquascaping|Just added some new driftwood to my tank. It's amazing how much it can change the look!|2020-03-15 17:05:00||||
22|2|Freshwater Fish|Anyone have experience with breeding discus? Thinking of taking on the challenge.|2020-04-01 12:30:00||||
23|15|Fishkeeping Tips|What's the best way to clean a fish tank? Share your tips in the comments!|2020-05-02 09:45:00||||
24|3|Tropical Fish|Got some new neon tetras for my tank. Love the pop of color they add!|2020-06-05 14:20:00||||
25|1|Marine Biology|Did you know that jellyfish are made up of 95% water? That's a lot of hydration!|2020-07-01 11:15:00||||
26|9|Cichlid Enthusiasts|Just set up a new tank for my South American cichlids. Can't wait to see them settle in!|2020-08-10 10:05:00||||
27|8|Saltwater Fish|Added a new anemone to my tank. Hoping my clownfish will host it!|2020-09-15 13:20:00||||
28|7|Betta Fish|My betta just built a bubble nest! So exciting to see their natural behavior.|2020-10-01 08:30:00||||
29|10|Tropical Fish|Just got some new swordtails for my tank. Love their unique shape!|2020-11-03 15:40:00||||
30|12|Aquascaping|Been working on a new aquascape for weeks now. Can't wait to share the final product!|2020-12-01 16:20:00||||
31|11|Marine Biology|The oceans are in trouble. Let's all do our part to reduce plastic use and protect our marine life.|2021-01-05 09:15:00||||
32|16|Fishkeeping Tips|What's the best way to deal with fin rot in your fish? Share your tips in the comments!|2021-02-12 14:30:00||||
33|18|Saltwater Fish|Just got some new firefish for my tank. They're so active and playful!|2021-03-07 11:05:00||||
34|19|Cichlid Enthusiasts|My African cichlids are getting along great in their new tank. Such interesting personalities!|2021-04-04 13:50:00||||
35|4|Freshwater Fish|Just added some new plants to my tank. They really bring the whole look together!|2021-05-01 16:30:00||||
36|17|Tropical Fish|Setting up a new tank for some gouramis. Can't wait to see them thrive!|2021-06-02 12:40:00||||
37|14|Aquascaping|Finally finished my latest aquascape project. What do you think?|2021-07-05 15:10:00||||
38|5|Betta Fish|My betta is starting to flare up at their reflection. Time for a new tank mate!|2021-08-01 11:20:00||||
39|0|Aquascaping|I love giving my pals houses to play in!|2023-03-04 17:34:44||||
40|21|Marine Biology|You guys are nerds!|2023-05-02 13:23:21||||