0,Freshwater Fish
0,Saltwater Fish
0,Cichlid Enthusiasts
0,Betta Fish
0,Tropical Fish
0,Marine Biology
0,Aquascaping
0,Fishkeeping Tips
1,Freshwater Fish
1,Aquascaping
1,Saltwater Fish
2,Saltwater Fish
2,Freshwater Fish
2,Cichlid Enthusiasts
2,Aquascaping
3,Tropical Fish
3,Marine Biology
3,Fishkeeping Tips
4,Marine Biology
4,Betta Fish
4,Saltwater Fish
5,Marine Biology
5,Aquascaping
5,Tropical Fish
5,Cichlid Enthusiasts
5,Fishkeeping Tips
6,Aquascaping
6,Marine Biology
7,Cichlid Enthusiasts
7,Freshwater Fish
7,Saltwater Fish
7,Marine Biology
8,Saltwater Fish
8,Tropical Fish
8,Cichlid Enthusiasts
8,Fishkeeping Tips
9,Tropical Fish
9,Saltwater Fish
10,Betta Fish
10,Freshwater Fish
10,Aquascaping
11,Cichlid Enthusiasts
12,Aquascaping
13,Fishkeeping Tips
14,Saltwater Fish
15,Fishkeeping Tips
16,Betta Fish
17,Cichlid Enthusiasts
17,Betta Fish
17,Saltwater Fish
18,Tropical Fish
19,Tropical Fish
20,Tropical Fish
21,Marine Biology